Model,Accuracy,Precision,Recall,F1 Score,ROC AUC
Decision Tree Classifier,0.5093537414965986,0.5024793388429752,0.5241379310344828,0.5130801687763713,0.5095521869937515
Random Forest Classifier,0.48214285714285715,0.47368421052631576,0.45,0.46153846153846156,0.49074866928951627
Logistic Regression,0.5008503401360545,0.49256900212314225,0.4,0.44148430066603234,0.4747975005785698
